saal@dekukvu.org,Bill,Schwartz,user,(712) 761-5462,Hunuaf,9993357,|,3528014430251148,342,Bernice Fitzgerald,Sam Ballard,13/9/1978,5166008,|,5402323,19/4/1985,polino,|,2484103,Mina Poole,$9171.67,true,igopuace
ro@liota.co.uk,Eugenia,Kim,user,(388) 614-5888,Rerkuci,1594926,|,6304599261417787,687,Albert Fuller,Warren Dunn,20/1/2033,2363615,|,3427846,16/9/2018,excelent,|,999167,Tony Glover,$1025.42,false,odiwotow
uso@fefu.gov,Gertrude,King,admin,(710) 786-6330,Ehtoigo,8299945,|,5018246258345196,097,Iva Douglas,Bertie Gilbert,3/4/1973,9798079,|,5353250,17/3/2029,good,|,3681503,Patrick Hubbard,$3477.24,false,wovukufe
fotorut@tuc.org,Antonio,Palmer,user,(943) 952-4963,Hemgeeci,9442094,|,344021131359300,978,Norman Hansen,Luis Ray,25/7/2008,1953918,|,3063547,12/5/1974,excelent,|,3139715,Elsie Austin,$5725.74,false,tuktu
okatojib@ub.gov,Flora,Reyes,admin,(423) 473-4341,Kiureje,892920,|,4519717999501864,336,Lottie Davidson,Andrew French,12/7/1997,5332684,|,2208167,17/2/1980,satisfying,|,4612467,Olivia Warner,$2702.74,false,tasfebjib
huwabouje@katlutzuw.co.uk,Chester,Bell,admin,(885) 341-5077,Ajuazemom,2624939,|,6011031186491907,063,Charlotte Lowe,Emma Sharp,17/4/2014,4463617,|,3413343,10/8/2024,polino,|,5823612,Agnes Saunders,$2152.23,false,ceibetop
fod@fucukgon.edu,May,Mendez,user,(408) 207-8324,Dezawog,1178423,|,6209541352527252,171,Georgia Graham,Michael Washington,18/5/2024,3855500,|,6713886,22/11/1998,excelent,|,8188581,Maude Bowen,$21.98,true,ize
cukov@javi.edu,Jesus,Rice,user,(570) 560-8554,Gubmeete,242575,|,5105449296943311,979,Leah Salazar,Anthony Mitchell,21/8/2036,4745328,|,9148962,22/1/1972,satisfying,|,1398126,Adrian Sutton,$2887.32,true,ke
vowed@ke.net,Ethel,Blake,user,(288) 218-8495,Toagci,9308461,|,3528051112043930,932,Lottie Greer,Delia Pierce,9/4/1994,2929970,|,3314359,15/12/2014,satisfying,|,1586054,Amanda Austin,$5493.10,true,juwoowe
abu@wu.edu,Eugenia,Brady,user,(477) 789-1714,Fefliat,4138730,|,3528086333293039,385,Sadie Warren,Gene McCoy,27/3/1995,6285655,|,9762119,14/9/2022,could be better,|,4999523,Celia Stanley,$9974.72,true,amcisat
